pdb_id, matched, total_bmol, total_dssr6XRZ, 23, 29, 23 
7LYJ, 24, 28, 24 
7MKY, 19, 24, 24 
3Q1Q, 103, 125, 131 
5B2R, 43, 44, 44 
6C0F, 362, 477, 384 
2OM7, 99, 127, 118 
1H1K, 953, 953, 953 
1RY1, 81, 102, 85 
4GXY, 42, 54, 47 
2C4Y, 10, 50, 10 
6HYK, 9, 10, 9 
1DK1, 16, 21, 16 
157D, 10, 10, 10 
124D, 8, 8, 8 
124D, 8, 8, 8 
157D, 10, 10, 10 
165D, 4, 6, 4 
176D, 0, 0, 6 
17RA, 4, 6, 6 
1A1T, 8, 8, 8 
1A4T, 5, 5, 5 
1A51, 10, 15, 10 
1A60, 13, 13, 14 
1A9L, 14, 14, 14 
1A9N, 10, 10, 10 
1AC3, 8, 8, 12 
1AFX, 4, 4, 4 
1AJF, 5, 6, 5 
1AJU, 7, 7, 11 
1AKX, 10, 10, 11 
1AL5, 12, 12, 12 
1AM0, 2, 4, 2 
1ANR, 7, 9, 9 
1AQ3, 8, 45, 8 
1AQ4, 9, 47, 9 
1AQO, 7, 7, 10 
1ARJ, 8, 9, 9 
1ASY, 32, 43, 36 
1ASZ, 31, 43, 36 
1ATO, 6, 6, 6 
1ATV, 5, 5, 6 
1ATW, 5, 5, 5 
1AUD, 3, 3, 9 
1B23, 14, 16, 19 
1B36, 9, 10, 9 
1B7F, 0, 0, 0 
1BAU, 14, 16, 14 
1BGZ, 5, 5, 7 
1BIV, 10, 11, 11 
1BN0, 5, 5, 8 
1BR3, 6, 30, 7 
1BVJ, 7, 8, 7 
1BYJ, 8, 9, 9 
1BYX, 6, 6, 6 
1BZ2, 4, 4, 5 
1BZ3, 5, 5, 6 
1BZT, 3, 3, 4 
1BZU, 4, 4, 4 
1C0A, 19, 23, 19 
1C0O, 3, 6, 3 
1C2Q, 8, 8, 9 
1C2W, 706, 860, 712 
1C2X, 27, 35, 27 
1CQ5, 9, 11, 9 
1CQL, 8, 11, 9 
1CX5, 9, 9, 12 
1D0T, 4, 5, 7 
1D0U, 7, 8, 7 
1D6K, 7, 11, 7 
1DDY, 28, 28, 32 
1DI2, 10, 20, 10 
1DK1, 16, 21, 16 
1DRR, 10, 10, 10 
1DRZ, 21, 25, 21 
1DUL, 12, 15, 13 
1DZ5, 10, 10, 14 
1E4P, 5, 6, 6 
1E7K, 10, 10, 10 
1E8O, 15, 19, 17 
1E95, 12, 12, 12 
1EBQ, 10, 11, 10 
1EBR, 10, 11, 10 
1EBS, 10, 11, 10 
1EC6, 7, 8, 8 
1EFO, 9, 9, 9 
1EFS, 13, 13, 13 
1EFW, 30, 37, 38 
1EGK, 44, 44, 46 
1EHT, 5, 8, 8 
1EHZ, 17, 20, 20 
1EI2, 7, 7, 7 
1EIY, 20, 53, 22 
1EJZ, 0, 0, 8 
1EKA, 6, 8, 6 
1EKD, 6, 8, 6 
1EKZ, 12, 12, 13 
1ESH, 5, 5, 5 
1ESY, 6, 7, 6 
1ET4, 38, 42, 40 
1ETF, 10, 11, 11 
1ETG, 9, 10, 11 
1EUQ, 16, 17, 20 
1EUY, 20, 22, 20 
1EVV, 17, 20, 20 
1EXD, 19, 24, 20 
1EXY, 9, 10, 11 
1F1T, 10, 10, 13 
1F5G, 7, 7, 8 
1F5H, 8, 8, 8 
1F5U, 15, 15, 16 
1F6U, 5, 6, 6 
1F6X, 9, 10, 11 
1F6Z, 7, 9, 10 
1F78, 9, 10, 11 
1F79, 7, 9, 10 
1F7F, 8, 8, 11 
1F7G, 8, 9, 10 
1F7H, 5, 5, 10 
1F7I, 8, 10, 9 
1F7U, 15, 19, 18 
1F7V, 15, 19, 18 
1F7Y, 16, 21, 16 
1F84, 3, 5, 5 
1F85, 1, 3, 3 
1F9L, 5, 6, 6 
1FCW, 83, 122, 100 
1FEQ, 5, 5, 5 
1FFY, 20, 25, 20 
1FFZ, 107, 146, 132 
1FHK, 1, 1, 3 
1FIR, 16, 16, 19 
1FIX, 10, 10, 10 
1FJE, 4, 5, 4 
1FKA, 204, 298, 272 
1FL8, 4, 4, 4 
1FMN, 9, 12, 10 
1FOQ, 198, 238, 198 
1FQZ, 5, 8, 5 
1FUF, 8, 11, 10 
1FXL, 0, 0, 0 
1FYO, 7, 7, 9 
1FYP, 8, 8, 9 
1G2E, 0, 0, 0 
1G3A, 2, 2, 6 
1G4Q, 10, 10, 10 
1G59, 40, 54, 40 
1G70, 7, 9, 10 
1GAX, 35, 43, 44 
1GID, 78, 108, 84 
1GRZ, 91, 119, 118 
1GTR, 20, 24, 20 
1GTS, 20, 26, 20 
1GUC, 6, 8, 6 
1H38, 55, 55, 64 
1H3E, 19, 45, 24 
1H4Q, 18, 23, 19 
1H4S, 18, 22, 19 
1HC8, 25, 37, 28 
1HG9, 6, 6, 9 
1HHW, 6, 6, 9 
1HHX, 5, 5, 9 
1HJI, 5, 5, 5 
1HLX, 4, 6, 7 
1HMH, 47, 51, 48 
1HQ1, 12, 16, 13 
1HR2, 80, 113, 81 
1HS1, 3, 3, 3 
1HS2, 3, 3, 3 
1HS3, 3, 3, 3 
1HS4, 3, 3, 3 
1HS8, 3, 3, 3 
1HVU, 35, 41, 40 
1HWQ, 8, 9, 8 
1HYS, 18, 19, 19 
1I3X, 7, 7, 7 
1I3Y, 7, 7, 7 
1I46, 4, 4, 5 
1I4B, 4, 4, 5 
1I4C, 5, 5, 5 
1I6H, 9, 9, 9 
1I6U, 26, 32, 28 
1I94, 291, 371, 388 
1I95, 300, 388, 387 
1I96, 372, 460, 388 
1I97, 169, 243, 343 
1I9F, 8, 9, 11 
1I9K, 0, 0, 0 
1I9V, 19, 24, 20 
1I9X, 11, 11, 12 
1IDV, 3, 3, 3 
1IE1, 4, 5, 4 
1IE2, 4, 5, 6 
1IK1, 5, 5, 5 
1IKD, 1, 2, 6 
1IL2, 33, 42, 35 
1IVS, 37, 45, 44 
1J1U, 20, 52, 21 
1J2B, 32, 37, 38 
1J4Y, 5, 5, 6 
1J5A, 417, 555, 635 
1J5E, 342, 442, 391 
1J7T, 16, 16, 16 
1J8G, 0, 2, 0 
1J9H, 12, 12, 16 
1JB8, 10, 10, 10 
1JBS, 2, 5, 14 
1JBT, 14, 17, 14 
1JID, 7, 8, 8 
1JO7, 8, 11, 9 
1JOX, 6, 7, 6 
1JP0, 6, 7, 6 
1JTJ, 5, 6, 6 
1JTW, 2, 4, 3 
1JU1, 11, 13, 18 
1JU7, 3, 3, 6 
1JUR, 7, 7, 8 
1JWC, 4, 4, 6 
1JZC, 2, 2, 5 
1JZX, 407, 550, 636 
1JZY, 399, 542, 638 
1JZZ, 404, 541, 635 
1K01, 405, 545, 638 
1K2G, 5, 6, 6 
1K4A, 5, 5, 5 
1K4B, 5, 5, 5 
1K5I, 8, 9, 8 
1K6G, 8, 9, 8 
1K6H, 7, 8, 8 
1K8W, 7, 8, 7 
1K9W, 30, 34, 32 
1KAJ, 6, 7, 9 
1KD3, 4, 6, 4 
1KD4, 4, 6, 4 
1KD5, 4, 6, 4 
1KH6, 13, 13, 17 
1KKA, 5, 5, 6 
1KKS, 5, 5, 7 
1KOG, 76, 144, 79 
1KOS, 4, 4, 5 
1KP7, 9, 9, 9 
1KPD, 6, 7, 9 
1KPY, 7, 7, 8 
1KPZ, 8, 9, 8 
1KUQ, 16, 21, 16 
1KXK, 17, 25, 18 
1L1C, 7, 8, 9 
1L1W, 9, 10, 9 
1L2X, 8, 9, 8 
1L3D, 6, 7, 8 
1L8V, 76, 103, 83 
1L9A, 32, 40, 34 
1LC4, 16, 16, 16 
1LC6, 8, 8, 8 
1LDZ, 6, 7, 9 
1LNG, 27, 32, 27 
1LU3, 2, 2, 3 
1LUU, 4, 4, 5 
1LUX, 4, 4, 5 
1LVJ, 11, 11, 11 
1M5L, 9, 9, 12 
1M82, 6, 9, 8 
1ME1, 4, 4, 4 
1MFJ, 7, 8, 7 
1MFK, 8, 9, 9 
1MFQ, 32, 41, 35 
1MFY, 7, 10, 8 
1MIS, 6, 6, 6 
1MJI, 20, 23, 20 
1MMS, 25, 38, 28 
1MNB, 7, 8, 11 
1MNX, 9, 14, 9 
1MSW, 10, 11, 13 
1MSY, 5, 8, 5 
1MT4, 8, 8, 8 
1MUV, 3, 3, 6 
1MV1, 6, 6, 6 
1MV2, 6, 6, 6 
1MV6, 6, 6, 6 
1MWG, 6, 6, 6 
1MWL, 15, 15, 16 
1MY9, 0, 2, 0 
1MZP, 13, 15, 14 
1N1H, 0, 0, 2 
1N36, 197, 288, 338 
1N66, 5, 5, 7 
1N77, 40, 53, 40 
1N78, 39, 50, 40 
1N8X, 13, 14, 13 
1NA2, 8, 8, 8 
1NAO, 0, 0, 9 
1NBK, 12, 13, 13 
1NBR, 10, 12, 10 
1NBS, 68, 87, 70 
1NC0, 8, 9, 8 
1NEM, 5, 8, 6 
1NJN, 532, 653, 683 
1NLC, 19, 19, 20 
1NTQ, 4, 4, 7 
1NTS, 0, 0, 3 
1NTT, 0, 0, 4 
1NXR, 8, 8, 8 
1NYB, 7, 9, 7 
1NZ1, 8, 8, 8 
1O0B, 19, 24, 20 
1O0C, 20, 25, 20 
1O15, 8, 10, 8 
1O3Z, 19, 19, 20 
1O9M, 16, 16, 16 
1OB2, 16, 19, 20 
1OB5, 44, 55, 60 
1OKF, 6, 6, 9 
1OLN, 13, 19, 14 
1OND, 386, 468, 683 
1OO7, 0, 0, 7 
1OOA, 14, 16, 16 
1OQ0, 5, 6, 5 
1OSW, 6, 6, 7 
1OW9, 7, 7, 7 
1P5M, 14, 16, 18 
1P5N, 4, 7, 7 
1P5O, 17, 21, 21 
1P5P, 19, 22, 21 
1P6V, 15, 15, 17 
1P9X, 420, 527, 643 
1PBM, 6, 6, 6 
1PBR, 6, 7, 9 
1PJG, 10, 10, 10 
1PJO, 10, 10, 10 
1PJY, 9, 9, 9 
1Q2R, 12, 12, 12 
1Q75, 5, 6, 5 
1Q8N, 12, 13, 13 
1Q93, 18, 22, 18 
1Q96, 18, 22, 18 
1Q9A, 3, 5, 5 
1QA6, 22, 34, 28 
1QBP, 18, 24, 30 
1QC8, 7, 7, 7 
1QD3, 10, 10, 10 
1QES, 6, 8, 6 
1QET, 6, 8, 6 
1QF6, 19, 24, 20 
1QFQ, 5, 5, 5 
1QLN, 14, 14, 15 
1QRS, 20, 24, 20 
1QRT, 20, 24, 20 
1QRU, 19, 22, 20 
1QTQ, 19, 22, 20 
1QU2, 20, 26, 20 
1QU3, 17, 24, 20 
1QWA, 8, 9, 8 
1QWB, 6, 8, 6 
1QZW, 24, 27, 40 
1R2P, 10, 12, 10 
1R3X, 8, 16, 8 
1R4H, 0, 0, 3 
1R7W, 12, 12, 12 
1R7Z, 10, 10, 12 
1R9S, 7, 7, 8 
1R9T, 19, 19, 19 
1RAU, 0, 0, 0 
1RAW, 10, 12, 10 
1RC7, 20, 40, 20 
1RFR, 7, 8, 8 
1RHT, 4, 4, 6 
1RKJ, 7, 7, 7 
1RLG, 10, 10, 10 
1RMN, 15, 17, 15 
1RNA, 14, 14, 14 
1RNG, 4, 5, 4 
1RNK, 8, 8, 10 
1ROQ, 4, 5, 4 
1RPU, 0, 0, 18 
1RRD, 10, 10, 10 
1RXB, 8, 8, 8 
1S03, 36, 39, 36 
1S0V, 43, 45, 67 
1S2F, 6, 8, 7 
1S34, 7, 9, 7 
1S76, 8, 9, 11 
1S77, 13, 13, 18 
1S9S, 31, 32, 34 
1SA9, 12, 18, 12 
1SAQ, 8, 12, 12 
1SCL, 7, 8, 7 
1SER, 12, 14, 19 
1SFO, 6, 7, 6 
1SJ3, 21, 24, 21 
1SJ4, 20, 23, 21 
1SJF, 20, 23, 21 
1SLO, 7, 8, 7 
1SLP, 6, 6, 7 
1SY4, 8, 8, 8 
1SYZ, 8, 8, 8 
1SZ1, 32, 38, 40 
1SZY, 7, 7, 7 
1T28, 3, 4, 7 
1T4L, 12, 14, 12 
1T4X, 6, 6, 6 
1TBK, 5, 5, 6 
1TFN, 7, 7, 7 
1TJZ, 6, 7, 6 
1TLR, 5, 6, 6 
1TN1, 17, 22, 20 
1TN2, 16, 20, 20 
1TOB, 10, 10, 10 
1TRA, 16, 20, 20 
1TTT, 45, 59, 60 
1TXS, 12, 14, 12 
1U0B, 19, 27, 19 
1U1Y, 9, 44, 9 
1U2A, 6, 6, 7 
1U3K, 14, 14, 14 
1U63, 30, 30, 34 
1U6P, 31, 33, 34 
1U9S, 45, 52, 48 
1ULL, 12, 14, 12 
1UN6, 32, 37, 35 
1URN, 14, 14, 14 
1UTS, 8, 8, 10 
1UUD, 9, 9, 10 
1UUI, 10, 12, 10 
1UUU, 6, 6, 6 
1UVN, 0, 0, 6 
1VBX, 20, 23, 21 
1VBY, 21, 24, 21 
1VBZ, 19, 22, 21 
1VC0, 21, 24, 21 
1VC5, 20, 23, 20 
1VC6, 20, 23, 21 
1VFG, 9, 9, 23 
1VOP, 3, 5, 3 
1VTQ, 15, 21, 17 
1WKS, 5, 5, 6 
1WPU, 0, 0, 0 
1WSU, 25, 28, 26 
1WTS, 5, 5, 5 
1WTT, 5, 5, 5 
1WVD, 19, 19, 20 
1WZ2, 43, 58, 48 
1X8W, 223, 290, 249 
1XHP, 10, 11, 10 
1XJR, 12, 15, 13 
1XP7, 20, 20, 20 
1XPE, 18, 20, 18 
1XPF, 20, 20, 20 
1XSG, 9, 9, 11 
1XSH, 5, 6, 11 
1XST, 9, 10, 11 
1XSU, 7, 8, 11 
1XWP, 3, 3, 4 
1XWU, 2, 2, 5 
1Y1W, 11, 11, 14 
1Y26, 23, 26, 24 
1Y27, 20, 24, 22 
1Y39, 24, 35, 26 
1Y3O, 18, 18, 20 
1Y3S, 18, 19, 20 
1Y6S, 18, 18, 20 
1Y6T, 18, 18, 20 
1Y73, 19, 19, 20 
1Y77, 13, 13, 14 
1Y90, 17, 17, 20 
1Y95, 19, 19, 20 
1Y99, 19, 19, 20 
1YFG, 19, 22, 22 
1YFV, 6, 6, 6 
1YG3, 8, 10, 8 
1YG4, 8, 9, 8 
1YLG, 10, 10, 10 
1YMO, 15, 20, 15 
1YN1, 5, 5, 6 
1YN2, 5, 5, 6 
1YNC, 9, 9, 10 
1YNE, 10, 10, 10 
1YNG, 9, 9, 9 
1YRJ, 15, 15, 16 
1YSV, 10, 11, 10 
1YTY, 2, 4, 2 
1YXP, 18, 18, 20 
1YYK, 24, 24, 24 
1YYO, 24, 24, 24 
1YYW, 48, 48, 48 
1YZ9, 18, 18, 18 
1YZD, 14, 28, 16 
1Z2J, 19, 19, 19 
1Z30, 6, 7, 6 
1Z31, 11, 12, 11 
1Z43, 24, 27, 28 
1Z58, 373, 518, 561 
1Z79, 14, 28, 14 
1Z7F, 14, 14, 14 
1ZBH, 12, 12, 12 
1ZBI, 12, 12, 12 
1ZBL, 12, 12, 12 
1ZBN, 11, 12, 11 
1ZC5, 15, 17, 15 
1ZCI, 36, 36, 40 
1ZDH, 8, 42, 8 
1ZDI, 9, 46, 9 
1ZDJ, 4, 27, 4 
1ZDK, 12, 59, 14 
1ZE2, 14, 16, 14 
1ZEV, 12, 12, 12 
1ZH5, 2, 4, 2 
1ZHO, 49, 53, 52 
1ZIF, 2, 3, 3 
1ZIG, 3, 4, 3 
1ZIH, 3, 4, 3 
1ZJW, 19, 24, 20 
1ZL3, 7, 8, 7 
1ZO1, 17, 23, 20 
1ZO3, 28, 40, 40 
1ZSE, 4, 21, 4 
205D, 6, 8, 8 
219D, 9, 9, 10 
259D, 8, 8, 8 
280D, 16, 20, 16 
28SP, 7, 8, 7 
28SR, 6, 7, 7 
2A0P, 6, 6, 8 
2A2E, 60, 67, 92 
2A43, 7, 9, 7 
2A64, 70, 77, 93 
2A9L, 13, 14, 14 
2A9X, 11, 11, 11 
2AAR, 408, 516, 679 
2AB4, 6, 7, 6 
2ADC, 0, 0, 0 
2ADT, 26, 36, 26 
2AHT, 9, 10, 9 
2AKE, 13, 35, 19 
2ANN, 3, 3, 3 
2ANR, 4, 4, 5 
2AO5, 12, 16, 12 
2AP0, 8, 8, 8 
2AP5, 8, 8, 8 
2ASB, 0, 0, 0 
2ATW, 0, 0, 0 
107D, 7, 7, 7 
10MH, 11, 11, 11 
140D, 12, 12, 13 
141D, 13, 13, 13 
142D, 13, 13, 13 
145D, 4, 17, 6 
149D, 7, 13, 7 
180D, 6, 6, 6 
181D, 6, 6, 6 
199D, 7, 7, 9 
1A02, 18, 18, 18 
1A0A, 15, 15, 17 
1A1F, 9, 9, 10 
1A1G, 10, 10, 10 
1A1H, 10, 10, 10 
1A1I, 10, 10, 10 
1A1J, 10, 10, 10 
1A1K, 10, 10, 10 
1A1L, 10, 10, 10 
1A2E, 8, 8, 8 
1A31, 12, 12, 22 
1A35, 14, 14, 22 
1A36, 22, 22, 22 
1A3Q, 10, 10, 11 
1A66, 9, 9, 12 
1A6Y, 19, 19, 20 
1A73, 19, 19, 20 
1A84, 10, 10, 12 
1A9G, 10, 10, 10 
1A9H, 10, 10, 10 
1A9I, 10, 10, 10 
1A9J, 10, 10, 10 
1AAY, 10, 10, 10 
1AF1, 9, 9, 11 
1AFZ, 10, 10, 11 
1AG3, 6, 6, 11 
1AG5, 10, 10, 10 
1AGH, 10, 10, 11 
1AGK, 9, 9, 11 
1AGO, 8, 8, 11 
1AGU, 9, 9, 11 
1AGZ, 10, 10, 11 
1AHD, 10, 10, 14 
1AIO, 22, 22, 24 
1AIS, 11, 11, 17 
1AKH, 19, 19, 19 
1AM9, 38, 38, 38 
1AN4, 18, 18, 20 
1AP1, 10, 10, 11 
1APL, 20, 20, 20 
1AU5, 7, 7, 8 
1AU7, 22, 22, 24 
1AUL, 8, 8, 9 
1AWC, 15, 15, 20 
1AX6, 8, 8, 10 
1AX7, 8, 8, 9 
1AXL, 8, 8, 10 
1AXO, 8, 8, 10 
1AXP, 10, 10, 10 
1AXU, 9, 9, 10 
1AXV, 8, 8, 11 
1B01, 0, 26, 9 
1B5K, 10, 10, 10 
1B60, 10, 10, 10 
1B69, 9, 9, 13 
1B6X, 10, 10, 10 
1B6Y, 10, 10, 10 
1B72, 19, 19, 19 
1B8I, 13, 13, 13 
1BC7, 11, 11, 11 
1BC8, 9, 9, 9 
1BCB, 6, 12, 6 
1BCE, 6, 12, 6 
1BDN, 23, 47, 24 
1BDT, 21, 21, 21 
1BDV, 21, 21, 21 
1BE5, 0, 0, 0 
1BF4, 7, 7, 8 
1BF5, 16, 48, 16 
1BL0, 21, 21, 22 
1BN9, 15, 15, 15 
1BNK, 11, 11, 11 
1BP7, 48, 48, 48 
1BPS, 7, 7, 8 
1BPX, 15, 15, 15 
1BPY, 14, 14, 16 
1BPZ, 16, 16, 16 
1BSU, 8, 8, 10 
1BW7, 11, 11, 11 
1BWG, 14, 20, 14 
1BY4, 24, 25, 30 
1C0W, 19, 19, 19 
1C0Y, 7, 7, 9 
1C7Y, 3, 529, 3 
1C9B, 65, 65, 88 
1CDW, 12, 12, 16 
1CEZ, 13, 13, 13 
1CF7, 15, 15, 15 
1CFL, 8, 8, 9 
1CGP, 27, 27, 30 
1CIT, 16, 16, 16 
1CKT, 15, 15, 16 
1CLQ, 8, 9, 8 
1CMA, 9, 20, 9 
1CO0, 20, 20, 20 
1COC, 11, 11, 12 
1CQT, 21, 21, 27 
1CR3, 10, 10, 11 
1CRX, 30, 30, 31 
1CS2, 12, 12, 12 
1CW0, 11, 11, 11 
1D1U, 5, 5, 6 
1D20, 10, 10, 10 
1D3R, 14, 19, 16 
1D3U, 20, 20, 23 
1D3X, 8, 16, 8 
1D53, 6, 10, 6 
1D5Y, 40, 40, 40 
1D66, 18, 19, 18 
1D70, 8, 8, 8 
1D89, 35, 35, 36 
1D98, 12, 12, 12 
1DA4, 10, 10, 11 
1DA5, 11, 11, 11 
1DCT, 30, 30, 31 
1DDN, 32, 32, 32 
1DE8, 18, 18, 20 
1DE9, 5, 6, 7 
1DEW, 23, 23, 26 
1DIZ, 21, 21, 22 
1DJD, 10, 10, 10 
1DK6, 7, 7, 8 
1DK9, 9, 9, 9 
1DL4, 8, 8, 10 
1DN6, 7, 7, 9 
1DNK, 7, 7, 7 
1DRG, 15, 51, 15 
1DSA, 11, 11, 11 
1DSI, 11, 11, 11 
1DSM, 11, 11, 11 
1DSZ, 14, 14, 15 
1DU0, 20, 20, 20 
1DUX, 25, 25, 26 
1DXA, 7, 7, 8 
1E3M, 15, 15, 16 
1E3O, 11, 22, 11 
1E7J, 11, 11, 11 
1EA4, 36, 61, 42 
1EBM, 14, 14, 14 
1ECR, 12, 12, 14 
1EEK, 10, 10, 11 
1EGW, 0, 0, 32 
1EJ9, 22, 22, 22 
1EKW, 11, 11, 14 
1EMH, 7, 7, 8 
1EMJ, 7, 8, 7 
1EON, 8, 8, 10 
1ESG, 7, 7, 8 
1ESS, 8, 8, 8 
1EVW, 37, 39, 38 
1EWN, 9, 9, 10 
1EWQ, 20, 20, 21 
1EXL, 8, 8, 11 
1F44, 15, 51, 15 
1F4K, 21, 21, 21 
1F4R, 9, 9, 10 
1F4S, 10, 10, 10 
1F5E, 10, 10, 10 
1F5T, 41, 41, 41 
1F6O, 11, 11, 11 
1FIU, 20, 20, 20 
1FJ5, 10, 10, 11 
1FJB, 10, 10, 11 
1FJL, 12, 24, 13 
1FKY, 10, 10, 10 
1FKZ, 10, 10, 10 
1FLO, 54, 54, 60 
1FN1, 2, 2, 4 
1FN2, 4, 4, 4 
1FN7, 13, 14, 13 
1FOK, 19, 19, 19 
1FOS, 36, 36, 38 
1FW6, 15, 16, 20 
1FYI, 9, 9, 10 
1FYY, 7, 7, 12 
1FZL, 11, 11, 12 
1FZS, 7, 7, 8 
1FZX, 12, 12, 12 
1G14, 12, 12, 12 
1G1N, 8, 8, 10 
1G2D, 31, 31, 31 
1G2F, 31, 31, 31 
1G38, 14, 14, 18 
1G4D, 16, 16, 16 
1G5D, 9, 9, 12 
1G5E, 8, 8, 12 
1G5K, 9, 9, 12 
1G5L, 12, 12, 12 
1G9Y, 23, 23, 24 
1G9Z, 24, 24, 24 
1GA5, 37, 37, 40 
1GAT, 7, 7, 8 
1GAU, 8, 8, 8 
1GCC, 11, 11, 11 
1GDT, 25, 25, 34 
1GIZ, 8, 8, 12 
1GJ0, 8, 8, 12 
1GJ1, 7, 7, 12 
1GJ2, 11, 11, 12 
1GJI, 0, 0, 18 
1GM5, 14, 15, 17 
1GT0, 23, 23, 23 
1GTW, 15, 15, 15 
1GU4, 15, 15, 15 
1GU5, 15, 30, 15 
1GXP, 44, 44, 44 
1H38, 55, 55, 64 
1H88, 25, 25, 25 
1H89, 25, 25, 25 
1H8A, 24, 24, 25 
1H9D, 20, 20, 20 
1H9T, 19, 19, 19 
1HBX, 41, 41, 50 
1HCQ, 34, 34, 34 
1HCR, 13, 13, 13 
1HDD, 18, 18, 20 
1HF0, 21, 21, 22 
1HJB, 51, 51, 51 
1HJC, 30, 30, 30 
1HLO, 11, 11, 11 
1HLV, 20, 20, 21 
1HLZ, 20, 20, 20 
1HM1, 7, 7, 9 
1HRY, 8, 8, 8 
1HRZ, 8, 8, 8 
1HT4, 11, 11, 11 
1HT7, 11, 11, 11 
1HU0, 13, 13, 14 
1HUO, 11, 11, 16 
1HUZ, 16, 16, 16 
1HW2, 18, 18, 18 
1HWT, 40, 40, 40 
1HWV, 10, 10, 11 
1HX4, 10, 10, 11 
1HZ0, 10, 10, 10 
1I1P, 8, 8, 8 
1I3J, 20, 20, 20 
1I6J, 4, 5, 5 
1I7V, 9, 9, 11 
1IC8, 20, 20, 20 
1IEK, 10, 10, 10 
1IEY, 10, 10, 10 
1IG7, 13, 13, 13 
1IG9, 13, 13, 15 
1IGN, 36, 36, 36 
1IHF, 29, 29, 32 
1IHH, 12, 12, 12 
1IJW, 11, 11, 12 
1IMH, 13, 13, 13 
1IO4, 25, 25, 25 
1IR5, 7, 7, 15 
1IU3, 18, 19, 18 
1IV6, 13, 13, 13 
1IXY, 22, 23, 22 
1J1V, 13, 13, 13 
1J3E, 9, 9, 9 
1J46, 12, 12, 14 
1J47, 12, 12, 14 
1J59, 18, 18, 30 
1J5N, 15, 15, 15 
1J5O, 15, 15, 18 
1J9N, 4, 4, 6 
1JDG, 0, 10, 10 
1JEY, 19, 19, 22 
1JFI, 13, 13, 17 
1JGG, 10, 10, 10 
1JJ6, 11, 11, 12 
1JJ8, 11, 11, 12 
1JK1, 10, 10, 10 
1JK2, 9, 9, 10 
1JKO, 12, 12, 12 
1JKP, 11, 11, 12 
1JKQ, 12, 12, 12 
1JKR, 11, 11, 12 
1JRV, 10, 10, 12 
1JRW, 10, 11, 11 
1JS5, 11, 12, 11 
1JS7, 11, 12, 11 
1JUU, 0, 7, 0 
1JWL, 11, 11, 13 
1JX4, 13, 14, 14 
1JXL, 10, 10, 13 
1K1H, 0, 0, 7 
1K1R, 0, 0, 7 
1K29, 8, 8, 11 
1K3W, 7, 7, 7 
1K3X, 5, 5, 9 
1K4S, 4, 6, 20 
1K4T, 21, 21, 22 
1K5E, 10, 10, 11 
1K5F, 10, 10, 11 
1K61, 19, 20, 19 
1K6O, 22, 22, 23 
1K78, 50, 51, 50 
1K79, 25, 27, 25 
1K7A, 25, 26, 25 
1K82, 47, 47, 48 
1K8J, 14, 14, 14 
1K8L, 8, 8, 14 
1K8N, 10, 10, 14 
1KB1, 10, 10, 11 
1KB2, 18, 18, 18 
1KB4, 18, 18, 18 
1KB6, 17, 17, 18 
1KBD, 16, 16, 16 
1KBM, 10, 10, 10 
1KBU, 15, 59, 16 
1KFV, 22, 22, 24 
1KLN, 10, 10, 10 
1KQQ, 15, 15, 15 
1KSB, 8, 8, 9 
1KSY, 21, 41, 21 
1KU7, 9, 9, 10 
1KVH, 4, 4, 8 
1KX5, 132, 133, 146 
1KXS, 12, 12, 13 
1L1M, 23, 23, 23 
1L1T, 11, 11, 11 
1L1Z, 11, 11, 11 
1L2B, 8, 8, 11 
1L2C, 9, 9, 10 
1L2D, 8, 9, 10 
1L3S, 9, 9, 9 
1L3T, 10, 10, 10 
1L3U, 10, 10, 11 
1L3V, 15, 15, 15 
1L5U, 11, 11, 12 
1LAI, 13, 13, 13 
1LAQ, 8, 8, 12 
1LAS, 9, 9, 12 
1LB2, 20, 43, 20 
1LCC, 8, 8, 11 
1LCD, 9, 9, 11 
1LE5, 21, 21, 22 
1LE8, 19, 19, 19 
1LE9, 12, 13, 15 
1LEI, 7, 7, 16 
1LEJ, 12, 12, 13 
1LFU, 12, 14, 12 
1LLI, 19, 19, 19 
1LMB, 19, 19, 19 
1LO1, 13, 13, 13 
1LP7, 12, 12, 12 
1LPQ, 21, 21, 22 
1LQ1, 30, 30, 30 
1LRR, 22, 22, 24 
1LU5, 23, 23, 24 
1LV5, 20, 20, 22 
1LWA, 15, 15, 15 
1LWS, 31, 31, 34 
1LWT, 32, 32, 36 
1LWV, 14, 14, 14 
1LWW, 13, 14, 13 
1LWY, 12, 12, 13 
1M0E, 11, 11, 11 
1M3H, 14, 14, 14 
1M3Q, 13, 13, 14 
1M5R, 23, 24, 23 
1M5X, 24, 24, 24 
1M6X, 54, 54, 60 
1MA7, 32, 63, 32 
1MDM, 25, 25, 25 
1MEY, 23, 23, 25 
1MHD, 13, 13, 13 
1MHT, 9, 9, 11 
1MJP, 9, 9, 9 
1MK6, 8, 8, 9 
1MKL, 8, 8, 10 
1MM8, 15, 29, 18 
1MNM, 24, 24, 25 
1MNN, 13, 13, 13 
1MOW, 86, 87, 92 
1MQ2, 14, 14, 15 
1MQ3, 11, 11, 16 
1MSE, 10, 10, 11 
1MSF, 11, 11, 11 
1MSW, 10, 11, 13 
1MUH, 18, 36, 18 
1MUS, 18, 36, 18 
1MXJ, 11, 11, 11 
1N0K, 10, 11, 11 
1N0O, 11, 11, 12 
1N14, 12, 12, 13 
1N17, 11, 11, 13 
1N1N, 9, 9, 9 
1N39, 10, 10, 13 
1N3A, 13, 13, 14 
1N3C, 12, 13, 13 
1N3E, 48, 48, 48 
1N3F, 47, 47, 48 
1N48, 12, 13, 13 
1N4B, 2, 4, 6 
1N4E, 17, 18, 19 
1N56, 23, 25, 26 
1N5Y, 12, 12, 20 
1N6J, 10, 10, 14 
1N6Q, 17, 17, 21 
1N8C, 11, 11, 11 
1NDN, 9, 9, 12 
1NEV, 8, 8, 10 
1NG9, 15, 15, 16 
1NGM, 53, 56, 73 
1NH2, 11, 11, 16 
1NH3, 5, 5, 21 
1NJW, 10, 10, 10 
1NJX, 10, 10, 10 
1NJY, 9, 9, 10 
1NJZ, 8, 8, 9 
1NK0, 10, 10, 10 
1NK2, 5, 5, 14 
1NK3, 6, 6, 13 
1NK4, 8, 8, 8 
1NK5, 11, 11, 13 
1NK6, 6, 6, 8 
1NK7, 8, 8, 9 
1NK8, 10, 10, 10 
1NK9, 11, 11, 11 
1NKB, 11, 11, 12 
1NKC, 14, 14, 14 
1NKE, 9, 9, 10 
1NNE, 16, 16, 20 
1NNJ, 12, 12, 12 
1NR8, 0, 0, 10 
1NVP, 13, 13, 17 
1NWQ, 14, 14, 20 
1NZB, 70, 70, 72 
1O3Q, 6, 16, 11 
1O3R, 5, 12, 11 
1O3S, 3, 11, 11 
1O3T, 21, 21, 30 
1O4X, 19, 19, 19 
1OCI, 8, 8, 9 
1OCT, 13, 13, 14 
1ODH, 13, 13, 13 
1OE4, 10, 10, 10 
1OE5, 10, 10, 10 
1OE6, 10, 10, 10 
1OH5, 16, 16, 16 
1OH6, 14, 14, 15 
1OH7, 13, 13, 16 
1OH8, 10, 10, 12 
1ONM, 10, 10, 10 
1OPQ, 11, 11, 12 
1OQ2, 11, 11, 11 
1ORN, 9, 9, 9 
1ORP, 8, 8, 9 
1OSR, 8, 8, 9 
1OUP, 14, 14, 16 
1OUQ, 67, 67, 71 
1OUZ, 30, 30, 32 
1OWF, 30, 31, 32 
1OWG, 29, 31, 32 
1OWR, 52, 52, 52 
1OZJ, 14, 15, 14 
1P3X, 8, 8, 8 
1P47, 21, 21, 21 
1P4E, 58, 58, 60 
1P59, 6, 6, 9 
1P7D, 36, 36, 36 
1P7H, 27, 27, 27 
1P8K, 30, 30, 30 
1P96, 9, 9, 12 
1PA6, 0, 0, 0 
1PAR, 21, 21, 21 
1PDN, 13, 13, 13 
1PDT, 0, 0, 8 
1PER, 19, 19, 19 
1PG9, 12, 12, 12 
1PGC, 12, 12, 12 
1PH2, 0, 0, 0 
1PH3, 0, 0, 0 
1PH4, 0, 0, 0 
1PH5, 0, 0, 0 
1PH6, 0, 0, 0 
1PH7, 0, 0, 0 
1PH8, 0, 0, 0 
1PH9, 0, 0, 0 
1PHJ, 0, 0, 0 
1PIB, 9, 9, 9 
1PJI, 12, 12, 12 
1PJJ, 12, 12, 12 
1PLY, 5, 5, 5 
1PM5, 12, 12, 12 
1PNN, 0, 0, 18 
1PP7, 12, 12, 12 
1PP8, 47, 47, 47 
1PQQ, 10, 10, 11 
1PUE, 29, 29, 30 
1PUF, 19, 19, 19 
1PVP, 15, 59, 16 
1PVQ, 15, 59, 16 
1PVR, 15, 59, 16 
1PYJ, 10, 10, 11 
1PZU, 40, 40, 40 
1Q3F, 8, 8, 8 
1Q3U, 69, 69, 72 
1Q3V, 67, 67, 72 
1Q9X, 44, 44, 56 
1Q9Y, 13, 13, 15 
1QBY, 9, 9, 11 
1QKG, 8, 8, 9 
1QL5, 8, 8, 9 
1QLN, 14, 14, 15 
1QMS, 12, 12, 12 
1QN3, 19, 21, 24 
1QN4, 23, 23, 28 
1QN5, 19, 21, 26 
1QN6, 20, 22, 26 
1QN7, 19, 21, 26 
1QN8, 21, 23, 26 
1QN9, 19, 21, 26 
1QNA, 15, 17, 26 
1QNB, 18, 20, 26 
1QNC, 16, 18, 26 
1QNE, 19, 19, 28 
1QP5, 3, 4, 7 
1QP9, 34, 34, 37 
1QSK, 10, 10, 10 
1QSS, 11, 11, 13 
1QSY, 11, 11, 13 
1QTM, 11, 11, 13 
1QUM, 11, 11, 12 
1R0A, 14, 14, 20 
1R0N, 17, 17, 17 
1R0O, 17, 17, 17 
1R2L, 0, 4, 0 
1R2Y, 11, 11, 11 
1R2Z, 9, 11, 9 
1R3X, 8, 16, 8 
1R49, 21, 21, 21 
1R4E, 10, 10, 12 
1R4I, 18, 18, 18 
1R4R, 17, 18, 17 
1R71, 27, 106, 34 
1R7M, 48, 48, 48 
1R8D, 21, 21, 22 
1R9T, 19, 19, 19 
1REP, 21, 21, 21 
1RH6, 13, 13, 14 
1RIO, 27, 27, 27 
1RM1, 12, 13, 17 
1RPE, 18, 18, 19 
1RR8, 22, 22, 22 
1RRJ, 22, 22, 22 
1RRQ, 8, 8, 9 
1RRS, 8, 8, 9 
1RTD, 42, 42, 44 
1RUN, 26, 26, 30 
1RUO, 18, 18, 28 
1RVC, 8, 8, 10 
1RXW, 7, 7, 7 
1RYR, 13, 13, 14 
1RYS, 25, 25, 26 
1RZ9, 26, 26, 26 
1RZR, 31, 32, 31 
1RZT, 36, 36, 36 
1S0M, 25, 27, 26 
1S0N, 13, 13, 14 
1S0O, 24, 24, 27 
1S0T, 9, 9, 9 
1S0V, 43, 45, 67 
1S10, 12, 12, 13 
1S37, 10, 10, 10 
1S74, 9, 9, 9 
1S75, 9, 9, 9 
1S76, 8, 9, 11 
1S77, 13, 13, 18 
1S88, 7, 7, 12 
1S97, 48, 49, 52 
1S9F, 52, 52, 56 
1S9K, 18, 18, 18 
1SAX, 24, 24, 24 
1SC7, 21, 21, 22 
1SEU, 13, 14, 20 
1SJK, 8, 8, 11 
1SJL, 9, 9, 11 
1SKM, 11, 11, 11 
1SKN, 12, 12, 13 
1SKP, 11, 11, 11 
1SKR, 10, 10, 12 
1SKS, 7, 7, 9 
1SKW, 7, 7, 8 
1SL0, 13, 14, 19 
1SL1, 8, 8, 8 
1SL2, 8, 8, 8 
1SM5, 12, 12, 20 
1SNH, 8, 8, 8 
1SP6, 6, 6, 9 
1SRS, 14, 14, 18 
1SSJ, 9, 9, 9 
1SSP, 9, 9, 9 
1STX, 10, 10, 10 
1SX5, 10, 10, 10 
1SXP, 10, 10, 11 
1SXQ, 24, 24, 24 
1T03, 16, 17, 19 
1T05, 14, 14, 21 
1T2K, 30, 30, 30 
1T2T, 18, 18, 20 
1T38, 8, 8, 12 
1T39, 17, 17, 23 
1T3N, 10, 10, 13 
1T4I, 18, 18, 20 
1T7P, 10, 10, 12 
1T8E, 21, 21, 23 
1T8I, 20, 20, 22 
1T9I, 24, 24, 24 
1T9J, 24, 24, 24 
1TAN, 8, 8, 8 
1TAU, 7, 8, 7 
1TC3, 19, 19, 19 
1TDZ, 12, 12, 12 
1TEZ, 10, 10, 14 
1TF3, 15, 15, 15 
1TF6, 60, 60, 60 
1TK0, 12, 12, 14 
1TK5, 10, 10, 11 
1TK8, 16, 16, 17 
1TKD, 15, 15, 17 
1TL8, 18, 19, 21 
1TN9, 13, 13, 13 
1TQE, 25, 26, 28 
1TQR, 16, 16, 17 
1TSR, 19, 19, 20 
1TTD, 8, 8, 11 
1TTU, 13, 13, 13 
1TUP, 19, 19, 20 
1TV9, 15, 15, 15 
1TVA, 15, 15, 15 
1U01, 6, 6, 7 
1U0C, 20, 20, 24 
1U0D, 16, 16, 22 
1U3E, 29, 29, 35 
1U45, 9, 9, 9 
1U47, 8, 8, 10 
1U48, 8, 8, 10 
1U49, 8, 8, 8 
1U4B, 7, 7, 9 
1U6C, 9, 9, 11 
1U6N, 9, 9, 10 
1U6O, 10, 10, 10 
1U78, 24, 24, 25 
1U8B, 17, 17, 17 
1U8R, 62, 62, 64 
1UA0, 9, 9, 9 
1UA1, 11, 11, 11 
1UAB, 10, 10, 12 
1UBD, 20, 20, 20 
1VAS, 9, 9, 11 
1VFC, 13, 13, 13 
1VKX, 9, 9, 11 
1VOL, 13, 13, 16 
1VRL, 6, 6, 8 
1VTD, 4, 5, 7 
1VTE, 7, 7, 12 
1VTL, 22, 22, 28 
1VTN, 13, 13, 13 
1VTO, 20, 20, 28 
1W0T, 18, 18, 18 
1W0U, 16, 16, 16 
1W7A, 16, 16, 16 
1W86, 8, 13, 8 
1WB9, 15, 15, 16 
1WBB, 16, 16, 16 
1WBD, 15, 15, 16 
1WTE, 11, 16, 13 
1X26, 8, 8, 8 
1X9M, 9, 9, 10 
1X9N, 18, 18, 20 
1X9S, 10, 10, 11 
1X9W, 10, 10, 11 
1XA2, 6, 6, 6 
1XAM, 6, 8, 6 
1XC8, 12, 12, 12 
1XC9, 9, 9, 10 
1XCY, 10, 10, 10 
1XCZ, 10, 10, 10 
1XHU, 18, 18, 22 
1XHV, 21, 21, 22 
1XJX, 8, 8, 8 
1XJY, 8, 8, 8 
1XNS, 16, 66, 16 
1XO0, 17, 68, 17 
1XPX, 10, 10, 10 
1XRW, 8, 8, 8 
1XS9, 17, 17, 20 
1XSL, 40, 40, 40 
1XSN, 9, 9, 11 
1XSP, 11, 11, 11 
1Y1W, 11, 11, 14 
1Y6F, 12, 12, 12 
1Y6G, 9, 9, 10 
1Y77, 13, 13, 14 
1Y8Z, 8, 8, 8 
1Y9H, 9, 9, 10 
1YA6, 11, 12, 11 
1YCT, 12, 12, 12 
1YCW, 11, 11, 12 
1YF3, 11, 11, 11 
1YFH, 28, 28, 28 
1YNW, 16, 16, 17 
1YO5, 13, 13, 13 
1YQK, 8, 8, 8 
1YQL, 11, 11, 11 
1YQM, 11, 11, 11 
1YQR, 12, 12, 13 
1YRN, 19, 19, 19 
1YSA, 17, 18, 17 
1YTF, 13, 13, 16 
1YUI, 9, 9, 11 
1YUJ, 8, 8, 11 
1Z19, 29, 58, 29 
1Z1B, 50, 108, 50 
1Z1C, 0, 3, 0 
1Z1G, 99, 99, 102 
1Z63, 35, 35, 35 
1Z9C, 80, 81, 80 
1ZAA, 10, 10, 10 
1ZBB, 303, 615, 345 
1ZET, 8, 8, 14 
1ZG1, 40, 40, 40 
1ZGW, 12, 12, 18 
1ZJE, 11, 11, 11 
1ZJF, 11, 11, 11 
1ZJG, 12, 12, 12 
1ZJM, 14, 14, 14 
1ZJN, 14, 14, 15 
1ZLK, 13, 13, 21 
1ZME, 14, 14, 16 
1ZQ3, 13, 13, 13 
1ZQA, 7, 7, 7 
1ZQB, 7, 7, 7 
1ZQC, 6, 6, 7 
1ZQD, 7, 7, 7 
1ZQE, 7, 7, 7 
1ZQF, 7, 7, 7 
1ZQG, 7, 7, 7 
1ZQH, 7, 7, 7 
1ZQI, 7, 7, 7 
1ZQJ, 6, 6, 7 
1ZQK, 7, 7, 7 
1ZQL, 6, 6, 7 
1ZQM, 7, 7, 7 
1ZQN, 6, 6, 7 
1ZQO, 7, 7, 7 
1ZQP, 7, 7, 7 
1ZQQ, 7, 7, 7 
1ZQR, 7, 7, 7 
1ZQS, 6, 6, 7 
1ZQT, 7, 7, 7 
1ZR2, 19, 40, 31 
1ZR4, 54, 54, 64 
1ZRC, 28, 28, 38 
1ZRD, 28, 28, 38 
1ZRE, 28, 28, 38 
1ZRF, 26, 26, 35 
1ZS4, 25, 25, 25 
1ZTT, 8, 16, 8 
1ZTW, 8, 16, 8 
1ZX4, 25, 25, 25 
1ZYH, 7, 7, 12 
1ZYQ, 12, 12, 13 
206D, 4, 5, 5 
214D, 10, 10, 11 
226D, 10, 10, 10 
2A07, 38, 38, 38 
2A3V, 50, 50, 52 
2A66, 12, 12, 12 
2ACJ, 13, 13, 14 
2AGO, 13, 13, 13 
2AGP, 24, 24, 26 
2AGQ, 12, 13, 14 
2AJQ, 32, 33, 36 
2ALZ, 6, 12, 7 
2AQ4, 11, 11, 12 
2AQY, 0, 0, 1 
2AS5, 38, 38, 38 
2ASD, 23, 23, 28 
2ASJ, 20, 20, 26 
2ASL, 26, 26, 28 
2ATL, 18, 19, 27 
2AU0, 22, 22, 25 
2B1B, 10, 10, 10 
2B1C, 7, 7, 10 
2B9S, 22, 22, 22 
2BCQ, 11, 11, 11 
2BCR, 11, 11, 11 
2BCS, 10, 10, 11 
2BCU, 10, 10, 10 
2BCV, 9, 9, 11 
2BDP, 8, 8, 9 
2BGW, 15, 15, 15 
2BNW, 33, 34, 34 
2BNZ, 20, 22, 21 
2BPF, 6, 6, 8 
2BPG, 11, 11, 16 
2BQ3, 14, 14, 14 
2BQR, 13, 14, 14 
2BQU, 13, 14, 14 
2BR0, 14, 14, 14 
2BSQ, 32, 32, 35 
2BZF, 7, 14, 7 
2C22, 13, 13, 14 
2C28, 14, 14, 14 
2C2D, 13, 13, 13 
2C2E, 13, 13, 14 
2C2R, 13, 13, 14 
2C5R, 8, 8, 8 
2C6Y, 15, 15, 15 
2C7A, 17, 17, 17 
2C7O, 10, 10, 11 
2C7P, 11, 11, 11 
2C7Q, 10, 10, 10 
2C7R, 11, 11, 11 
2C9L, 18, 18, 18 
2C9N, 10, 10, 10 
2CAX, 33, 33, 33 
2CGP, 8, 19, 11 
2D5V, 25, 25, 25 
2DDG, 13, 13, 13 
2DEM, 13, 13, 13 
2DNJ, 6, 14, 6 
2DP6, 13, 13, 13 
2DPD, 21, 21, 21 
2DPI, 6, 12, 7 
2DPJ, 6, 11, 7 
2DPU, 10, 20, 10 
2DRP, 36, 36, 36 
2DTU, 49, 51, 53 
2DY4, 46, 49, 54 
2E1C, 17, 17, 17 
2E2H, 15, 17, 19 
2E2I, 13, 13, 19 
2E2J, 8, 11, 17 
2E42, 15, 15, 15 
2E43, 15, 15, 15 
2EA0, 11, 11, 11 
2EFW, 26, 28, 29 
2ETW, 11, 11, 13 
2EUV, 11, 11, 12 
2EUW, 13, 13, 13 
2EUX, 13, 13, 13 
2EUZ, 13, 13, 13 
2EVF, 13, 13, 13 
2EVG, 13, 13, 13 
2EVH, 13, 13, 13 
2EVI, 13, 13, 13 
2EVJ, 13, 13, 13 
2EWJ, 10, 10, 11 
2EX5, 26, 26, 26 
2EZD, 12, 12, 12 
2EZE, 12, 12, 12 
2EZF, 12, 12, 12 
2EZG, 12, 12, 12 
2EZV, 14, 28, 15 
2F03, 7, 47, 11 
2F5N, 12, 12, 13 
2F5O, 12, 12, 13 
2F5P, 12, 12, 12 
2F5Q, 7, 7, 9 
2F5S, 10, 10, 10 
2F8X, 18, 18, 18 
2FCC, 15, 15, 24 
2FF0, 15, 15, 15 
2FIO, 40, 40, 40 
2FJ7, 110, 110, 147 
2FJV, 8, 16, 8 
2FJW, 8, 16, 8 
2FJX, 8, 16, 8 
2FLC, 9, 9, 10 
2FLD, 23, 23, 24 
2FLL, 6, 12, 7 
2FLN, 6, 12, 7 
2FLP, 6, 12, 7 
2FMP, 12, 12, 16 
2FMQ, 15, 15, 16 
2FMS, 15, 15, 16 
2FO1, 13, 13, 13 
2FQZ, 0, 0, 16 
2GAT, 15, 15, 16 
2GB7, 0, 0, 16 
6XRZ, 23, 29, 23 
7LYJ, 24, 28, 24 
7MKY, 19, 24, 24 
3Q1Q, 103, 125, 131 
5B2R, 43, 44, 44 
6C0F, 362, 477, 384 
2OM7, 99, 127, 118 
1H1K, 953, 953, 953 
1RY1, 81, 102, 85 
4GXY, 42, 54, 47 
2C4Y, 10, 50, 10 
6HYK, 9, 10, 9 
1DK1, 16, 21, 16 
157D, 10, 10, 10 
124D, 8, 8, 8 
124D, 8, 8, 8 
157D, 10, 10, 10 
165D, 4, 6, 4 
176D, 0, 0, 6 
17RA, 4, 6, 6 
1A1T, 8, 8, 8 
1A4T, 5, 5, 5 
1A51, 10, 15, 10 
1A60, 13, 13, 14 
1A9L, 14, 14, 14 
1A9N, 10, 10, 10 
1AC3, 8, 8, 12 
1AFX, 4, 4, 4 
1AJF, 5, 6, 5 
1AJU, 7, 7, 11 
1AKX, 10, 10, 11 
1AL5, 12, 12, 12 
1AM0, 2, 4, 2 
1ANR, 7, 9, 9 
1AQ3, 8, 45, 8 
1AQ4, 9, 47, 9 
1AQO, 7, 7, 10 
1ARJ, 8, 9, 9 
1ASY, 32, 43, 36 
1ASZ, 31, 43, 36 
1ATO, 6, 6, 6 
1ATV, 5, 5, 6 
1ATW, 5, 5, 5 
1AUD, 3, 3, 9 
1B23, 14, 16, 19 
1B36, 9, 10, 9 
1B7F, 0, 0, 0 
1BAU, 14, 16, 14 
1BGZ, 5, 5, 7 
1BIV, 10, 11, 11 
1BN0, 5, 5, 8 
1BR3, 6, 30, 7 
1BVJ, 7, 8, 7 
1BYJ, 8, 9, 9 
1BYX, 6, 6, 6 
1BZ2, 4, 4, 5 
1BZ3, 5, 5, 6 
1BZT, 3, 3, 4 
1BZU, 4, 4, 4 
1C0A, 19, 23, 19 
1C0O, 3, 6, 3 
1C2Q, 8, 8, 9 
1C2W, 706, 860, 712 
1C2X, 27, 35, 27 
1CQ5, 9, 11, 9 
1CQL, 8, 11, 9 
1CX5, 9, 9, 12 
1D0T, 4, 5, 7 
1D0U, 7, 8, 7 
1D6K, 7, 11, 7 
1DDY, 28, 28, 32 
1DI2, 10, 20, 10 
1DK1, 16, 21, 16 
1DRR, 10, 10, 10 
1DRZ, 21, 25, 21 
1DUL, 12, 15, 13 
1DZ5, 10, 10, 14 
1E4P, 5, 6, 6 
1E7K, 10, 10, 10 
1E8O, 15, 19, 17 
1E95, 12, 12, 12 
1EBQ, 10, 11, 10 
1EBR, 10, 11, 10 
1EBS, 10, 11, 10 
1EC6, 7, 8, 8 
1EFO, 9, 9, 9 
1EFS, 13, 13, 13 
1EFW, 30, 37, 38 
1EGK, 44, 44, 46 
1EHT, 5, 8, 8 
1EHZ, 17, 20, 20 
1EI2, 7, 7, 7 
1EIY, 20, 53, 22 
1EJZ, 0, 0, 8 
1EKA, 6, 8, 6 
1EKD, 6, 8, 6 
1EKZ, 12, 12, 13 
6XRZ, 23, 29, 23 
7LYJ, 24, 28, 24 
7MKY, 19, 24, 24 
3Q1Q, 103, 125, 131 
5B2R, 43, 44, 44 
6C0F, 362, 477, 384 
2OM7, 99, 127, 118 
1H1K, 953, 953, 953 
1RY1, 81, 102, 85 
4GXY, 42, 54, 47 
2C4Y, 10, 50, 10 
6HYK, 9, 10, 9 
1DK1, 16, 21, 16 
157D, 10, 10, 10 
124D, 8, 8, 8 
124D, 8, 8, 8 
157D, 10, 10, 10 
165D, 4, 6, 4 
176D, 0, 0, 6 
17RA, 4, 6, 6 
1A1T, 8, 8, 8 
1A4T, 5, 5, 5 
1A51, 10, 15, 10 
1A60, 13, 13, 14 
1A9L, 14, 14, 14 
1A9N, 10, 10, 10 
1AC3, 8, 8, 12 
1AFX, 4, 4, 4 
1AJF, 5, 6, 5 
1AJU, 7, 7, 11 
1AKX, 10, 10, 11 
1AL5, 12, 12, 12 
1AM0, 2, 4, 2 
1ANR, 7, 9, 9 
1AQ3, 8, 45, 8 
1AQ4, 9, 47, 9 
1AQO, 7, 7, 10 
1ARJ, 8, 9, 9 
1ASY, 32, 43, 36 
1ASZ, 31, 43, 36 
1ATO, 6, 6, 6 
1ATV, 5, 5, 6 
1ATW, 5, 5, 5 
1AUD, 3, 3, 9 
1B23, 14, 16, 19 
1B36, 9, 10, 9 
1B7F, 0, 0, 0 
1BAU, 14, 16, 14 
1BGZ, 5, 5, 7 
1BIV, 10, 11, 11 
1BN0, 5, 5, 8 
1BR3, 6, 30, 7 
1BVJ, 7, 8, 7 
1BYJ, 8, 9, 9 
1BYX, 6, 6, 6 
1BZ2, 4, 4, 5 
1BZ3, 5, 5, 6 
1BZT, 3, 3, 4 
1BZU, 4, 4, 4 
1C0A, 19, 23, 19 
1C0O, 3, 6, 3 
1C2Q, 8, 8, 9 
1C2W, 706, 860, 712 
1C2X, 27, 35, 27 
6XRZ, 23, 29, 23 
7LYJ, 24, 28, 24 
7MKY, 19, 24, 24 
3Q1Q, 103, 125, 131 
5B2R, 43, 44, 44 
6C0F, 362, 477, 384 
2OM7, 99, 127, 118 
1H1K, 953, 953, 953 
1RY1, 81, 102, 85 
4GXY, 42, 54, 47 
2C4Y, 10, 50, 10 
6HYK, 9, 10, 9 
1DK1, 16, 21, 16 
157D, 10, 10, 10 
124D, 8, 8, 8 
124D, 8, 8, 8 
157D, 10, 10, 10 
165D, 4, 6, 4 
176D, 0, 0, 6 
17RA, 4, 6, 6 
1A1T, 8, 8, 8 
1A4T, 5, 5, 5 
1A51, 10, 15, 10 
1A60, 13, 13, 14 
1A9L, 14, 14, 14 
1A9N, 10, 10, 10 
1AC3, 8, 8, 12 
1AFX, 4, 4, 4 
1AJF, 5, 6, 5 
1AJU, 7, 7, 11 
1AKX, 10, 10, 11 
1AL5, 12, 12, 12 
1AM0, 2, 4, 2 
1ANR, 7, 9, 9 
1AQ3, 8, 45, 8 
1AQ4, 9, 47, 9 
1AQO, 7, 7, 10 
1ARJ, 8, 9, 9 
1ASY, 32, 43, 36 
1ASZ, 31, 43, 36 
1ATO, 6, 6, 6 
1ATV, 5, 5, 6 
1ATW, 5, 5, 5 
1AUD, 3, 3, 9 
1B23, 14, 16, 19 
1B36, 9, 10, 9 
1B7F, 0, 0, 0 
1BAU, 14, 16, 14 
1BGZ, 5, 5, 7 
1BIV, 10, 11, 11 
1BN0, 5, 5, 8 
1BR3, 6, 30, 7 
1BVJ, 7, 8, 7 
1BYJ, 8, 9, 9 
1BYX, 6, 6, 6 
1BZ2, 4, 4, 5 
1BZ3, 5, 5, 6 
1BZT, 3, 3, 4 
1BZU, 4, 4, 4 
1C0A, 19, 23, 19 
1C0O, 3, 6, 3 
1C2Q, 8, 8, 9 
1C2W, 706, 860, 712 
1C2X, 27, 35, 27 
